Country,Year,GDP_Current_USD,GDP_Per_Capita_USD,Inflation_Rate_WB,Unemployment_Rate_WB,GDP_Per_Capita_Growth,Exports_WB,Imports_WB,Gini_Coefficient_WB,Population_WB
Algeria,2015,187493855609.345,4685.05902729002,4.78444700693889,11.206,1.099620617724,38489004322.7411,61266393934.4274,,40019529.0
Algeria,2016,180763839522.151,4424.98529027556,6.39769480268757,10.202,1.78594064716746,33417246978.2851,56532525719.5141,,40850721.0
Algeria,2017,189880896903.073,4554.66753957828,5.59111590961664,12.0,-0.541667023472826,38609773040.5942,55990439549.8232,,41689299.0
Algeria,2018,194554483655.528,4577.21029180491,4.26999020467084,12.137,-0.546019580974331,45570702426.4208,56446212848.1077,,42505035.0
Algeria,2019,193459662090.677,4468.45341883656,1.95176821052892,12.259,-0.939992961238175,39481135535.1468,50490845023.6565,,43294546.0
Algeria,2020,164873415325.201,3743.5419522929,2.41513094083414,14.057,-6.61247509796932,25613416650.3651,40978554435.8274,,44042091.0
Algeria,2021,186231205262.082,4160.55926736925,7.22606307415477,13.63,2.13263632780773,43660727771.3446,43564492197.796,,44761099.0
Algeria,2022,225638456572.143,4961.55257664733,9.26551551551553,12.346,1.96825188007162,69516903679.1619,46015346669.8381,,45477389.0
Algeria,2023,247626161016.414,5364.02795022731,9.32217375928322,11.701,2.55120301937745,58488151164.9929,49682172277.5965,,46164219.0
Argentina,2015,594749285413.212,13679.6264980954,,7.579,1.66091253843923,63671789068.8987,70064879911.7042,,43477012.0
Argentina,2016,557532320662.955,12699.9623137756,,8.085,-3.02450095578762,69842604407.3878,75639254067.6608,42.3,43900313.0
Argentina,2017,643628393281.364,14532.5009308511,,8.347,1.91639608148853,72860557902.7631,89910495566.9384,41.4,44288894.0
Argentina,2018,524819892360.176,11752.7998922979,,9.22,-3.41553683867816,75766598613.0197,85681309473.2328,41.7,44654882.0
Argentina,2019,447754683615.225,9955.97478680428,,9.843,-2.69506723533574,80259482469.139,65845624691.108,43.3,44973465.0
Argentina,2020,385740508436.965,8535.59938004389,,11.461,-10.3361096878518,64053810078.3073,52454091268.1886,42.7,45191965.0
Argentina,2021,486564085480.036,10738.0179223384,,8.736,10.1485599877349,87906118244.6601,73042905138.0607,42.4,45312281.0
Argentina,2022,632790070063.124,13935.6811110049,,6.805,5.04819532337936,102815821983.44,96814941605.3868,40.7,45407904.0
Argentina,2023,646075277525.125,14187.4827252965,,6.139,-1.89294979737558,82369725072.6446,89748037627.6165,,45538401.0
Australia,2015,1351296372254.31,56739.0265346593,1.50836672165921,6.055,0.729964314626955,271152836560.501,291850364122.4,,23815995.0
Australia,2016,1206836962281.84,49888.0410842736,1.27699094497324,5.711,1.16681538734224,232663011512.861,261827324555.529,33.7,24190907.0
Australia,2017,1325582658156.54,53901.7145392154,1.94864740944527,5.592,0.609016553617764,281774035049.614,277671313150.053,,24592588.0
Australia,2018,1427809041019.44,57196.4220783778,1.91140094445691,5.3,1.35086613147908,312605804111.245,311861687284.904,34.3,24963258.0
Australia,2019,1392723834562.64,54972.7017885437,1.61076787290379,5.159,0.673067165560809,336477593836.115,306786753625.531,,25334826.0
Australia,2020,1328414058378.38,51791.540179984,0.846905537459305,6.456,-1.34397743292375,319174580744.374,274154332727.111,,25649248.0
Australia,2021,1556735770437.26,60607.7788605166,2.86391042204994,5.116,1.96739983729857,343364164705.654,284038962017.929,,25685412.0
Australia,2022,1690858246994.43,64997.0136536475,6.59409671341846,3.728,2.92410064137691,431702961776.761,343078219088.328,,26014399.0
Australia,2023,1728057316695.61,64820.9117890026,5.5970149253731,3.668,0.941014568468177,463106247223.68,387533147572.319,,26658948.0
Bangladesh,2015,195146608978.131,1224.38647668165,6.19428022984984,4.396,5.60449539732434,33831931004.0501,48297463643.7965,,159383179.0
Bangladesh,2016,265224515675.034,1649.28380858601,5.51352572692995,4.35,6.16181560014782,36922447162.046,46183400773.3724,32.4,160811932.0
Bangladesh,2017,293732446624.596,1811.08221668646,5.70207015717239,4.372,5.68710307010265,37655756192.841,50463186692.0898,,162186147.0
Bangladesh,2018,321362752441.78,1965.24372731467,5.54362139486476,4.407,6.44197494702485,40732047404.0872,63757868050.7515,,163523103.0
Bangladesh,2019,351231654603.692,2129.79896954606,5.59199639930629,4.441,6.97264399779152,45992932855.1263,64919190426.113,,164913055.0
Bangladesh,2020,373979442362.193,2248.85078828233,5.69107474746211,5.436,2.58647816564581,39053880559.8514,59195931838.1946,,166298024.0
Bangladesh,2021,416271647911.014,2482.84917843357,5.54565430773473,5.327,6.07069417020969,44386125441.8587,71021045805.0068,,167658854.0
Bangladesh,2022,460131688909.301,2716.48592677835,7.69695437176898,4.593,6.00847462887278,59275206064.019,96157127851.08,33.4,169384897.0
Bangladesh,2023,437415331040.994,2551.01772674142,9.8835030377921,4.454,4.4907040939439,57551451740.6239,77972815220.7747,,171466990.0
Belgium,2015,461044767544.531,40893.804537772,0.561429152790065,8.482,0.887876406326484,359051241755.781,355884802917.226,27.7,11274196.0
Belgium,2016,474271566739.729,41854.5498296444,1.97385264653181,7.83,0.68245474304338,377606160656.616,376759269084.981,27.6,11331422.0
Belgium,2017,500908767351.53,44035.3239358548,2.12597086002607,7.09,1.08431155343098,417980340772.354,418056820188.001,27.4,11375158.0
Belgium,2018,542638913427.921,47487.2100392561,2.05316499865186,5.941,1.41528947248707,453011551860.862,460128692309.647,27.2,11427054.0
Belgium,2019,536726344405.489,46716.6227467964,1.43681956996429,5.364,1.89071934199556,445308040880.784,442788775443.921,27.2,11488980.0
Belgium,2020,529694473501.791,45906.2875805246,0.740791812220344,5.545,-5.20244009899054,419501446549.729,411854672039.534,26.0,11538604.0
Belgium,2021,598494036474.409,51655.7883303715,2.44024851144084,6.248,5.76632057182083,536427846318.596,525242552932.162,26.6,11586195.0
Belgium,2022,593438820508.173,50807.2047084918,9.597511728725,5.57,3.39444810875487,565356119426.461,574024394596.111,,11680210.0
Belgium,2023,644782756682.756,54700.9093236712,4.04901077613941,5.528,0.330761544683028,542674883879.225,546541176110.402,,11787423.0
Brazil,2015,1802212206904.68,8936.19661756825,9.02990102416136,8.538,-4.30639755912077,232488824444.589,253272712377.634,51.9,201675532.0
Brazil,2016,1795693482652.52,8836.28652636996,8.73914352329393,11.58,-4.01012719354725,223863343103.297,216686387069.85,53.4,203218114.0
Brazil,2017,2063514977334.32,10080.5092817775,3.44637335032669,12.792,0.587668928736335,258330777006.501,243510584262.84,53.3,204703445.0
Brazil,2018,1916933898038.36,9300.66164936497,3.66485028376729,12.329,1.09040860447158,280543266303.121,272994464677.427,53.9,206107261.0
Brazil,2019,1873288205186.45,9029.83326742175,3.73297621216894,11.936,0.562970837578547,264562979421.068,276634813667.029,53.5,207455459.0
Brazil,2020,1476107231194.11,7074.19378281866,3.21176803803376,13.697,-3.83550546659214,242872071018.291,233941246230.247,48.9,208660842.0
Brazil,2021,1670647399034.67,7972.53665048385,8.30165975585673,13.158,4.3179316171849,319251201403.084,309853308958.678,52.9,209550294.0
Brazil,2022,1951923942083.32,9281.33334441234,9.28010608956873,9.231,2.64631532411505,383177602116.201,374482483050.831,52.0,210306415.0
Brazil,2023,2173665655937.27,10294.866680778,4.59356282283204,7.947,2.50184181305286,393656923982.556,342214686307.41,,211140729.0
Canada,2015,1556508816217.14,43594.1941045394,1.12524136094277,6.945,-0.112369172949158,495747450357.728,534115083556.223,33.7,35704498.0
Canada,2016,1527994741907.43,42314.0615817218,1.42875954701085,7.038,-0.0982963525159875,481357649980.237,517396012626.09,32.7,36110803.0
Canada,2017,1649265644244.09,45129.628116623,1.59688412852977,6.426,1.80946446279282,518766780219.71,554922650425.45,33.3,36545075.0
Canada,2018,1725329192783.02,46539.1761570405,2.26822567248103,5.837,1.28092657904244,557719627178.031,591347645767.306,32.5,37072620.0
Canada,2019,1743725183672.52,46352.8693445211,1.94926902411593,5.69,0.42965758108582,564142104614.779,589706748631.384,31.7,37618495.0
Canada,2020,1655684730000.19,43537.839298904,0.716999632307827,9.657,-6.06240642959015,487990676642.934,524572641557.224,,38028638.0
Canada,2021,2007472181464.15,52496.8441693242,3.39519318527528,7.527,4.70538205187351,626659601646.079,626488133458.384,,38239864.0
Canada,2022,2161483369422.01,55509.393176404,6.80280115341613,5.279,1.95567065895641,731555074343.765,728719235183.076,,38939056.0
Canada,2023,2142470914401.36,53431.1857063879,3.87900159788426,5.415,-1.67686294923784,714927640904.957,724652002690.122,,40097761.0
Chile,2015,242450355827.827,13433.9202985339,4.34877353217044,6.313,1.11370445821213,70773876096.1041,73118253440.2039,45.3,18047625.0
Chile,2016,249344863933.461,13649.8520455553,3.78619355893118,6.673,0.529833513803268,69624960594.1971,70152436857.04,,18267221.0
Chile,2017,276154259987.103,14879.9086230423,2.18271846868519,7.257,-0.235110162963863,78238304038.8391,76480320654.5048,45.3,18558868.0
Chile,2018,295857562991.709,15659.4808675628,2.43488981353057,7.623,2.14988195200361,84405336511.706,87715867712.0526,,18893191.0
Chile,2019,278285058719.466,14495.716721687,2.55754475703327,7.493,-0.962096016030856,77571035535.566,82753869493.5382,,19197744.0
Chile,2020,254042159309.311,13114.815470545,3.04549084804326,10.934,-6.98113061984451,79592399892.9982,68216603050.3731,47.0,19370624.0
Chile,2021,315515014838.539,16216.5706467899,4.52456838259144,9.281,10.8435032426686,100881456731.022,103693579744.009,,19456334.0
Chile,2022,302116539409.03,15451.1319576678,11.643866711056,8.249,1.55399573929161,107297012454.933,119253474107.182,43.0,19553036.0
Chile,2023,335533331669.219,17067.8136150601,7.58168251407962,9.013,-0.320572085984224,104474129435.466,100090792266.503,,19658835.0
China,2015,11061572618578.7,8016.44559489998,1.43702380935655,4.65,6.42073647731185,2362097053274.6,2003260696068.67,38.6,1379860000.0
China,2016,11233313730348.7,8094.39016735149,2.00000182191943,4.56,6.23821544767785,2199974853570.14,1944490534275.23,38.5,1387790000.0
China,2017,12310491333980.9,8817.04560829162,1.59313600071436,4.47,6.30186310056631,2424216052098.35,2208518918632.2,39.1,1396215000.0
China,2018,13894907857880.6,9905.40638304527,2.07479039965576,4.31,6.25170055571749,2655609176087.45,2564121910994.89,38.5,1402760000.0
China,2019,14279968506271.7,10143.8602206165,2.89923416358227,4.56,5.57531686294317,2628941104657.6,2496153305902.9,38.2,1407745000.0
China,2020,14687744162801.0,10408.7195541075,2.41942189457782,5.0,1.99555804192106,2729884575163.89,2374737462777.69,37.1,1411100000.0
China,2021,17820459508852.2,12617.5051041181,0.981015135544882,4.55,8.35171995394172,3554107780957.44,3093278397249.18,35.7,1412360000.0
China,2022,17881782683707.3,12662.5826712038,1.97357555739051,4.98,2.96415683733213,3717887818646.97,3140040863536.23,,1412175000.0
China,2023,17794783039552.0,12614.0617416421,0.234836828893051,4.67,5.35885786336085,3513236885527.07,3127201616050.71,,1410710000.0
Colombia,2015,293492370193.166,6248.51490534512,4.9898311584953,8.572,2.06923227113727,45932176699.4658,66653739135.9689,51.0,46969940.0
Colombia,2016,282720100286.228,5959.84250367574,7.51346024627675,8.922,1.08114925712198,41608310926.5839,60743865896.6273,50.6,47437512.0
Colombia,2017,311866875156.879,6479.53231292429,4.31431325695011,9.086,-0.101221554133033,47233141871.792,62802582423.5139,49.7,48131078.0
Colombia,2018,334198218098.276,6816.96818309544,3.24056932930569,9.36,0.695264947238812,53136579844.9701,68961912988.8708,50.4,49024465.0
Colombia,2019,323031701192.84,6472.54544924705,3.52301932741447,10.28,1.36014067984289,51258795210.3544,70067176051.0406,51.3,49907985.0
Colombia,2020,270348342541.465,5339.68711357943,2.52663500084706,15.983,-8.50949477621059,36557247848.5389,55511423806.5089,53.5,50629997.0
Colombia,2021,318524633225.395,6222.62164397614,3.49505757399448,13.898,9.5929782838861,51591453811.2973,76006795312.1819,55.1,51188173.0
Colombia,2022,345329875078.512,6674.59601948063,10.1772313546166,10.547,6.14882472642719,69868522988.3686,96145284717.6932,54.8,51737944.0
Colombia,2023,363493841244.303,6947.35928681966,11.7359044948689,9.594,-0.511064130774713,64837475193.3388,82354994446.313,,52321152.0
Denmark,2015,301758922337.637,53094.0133607574,0.452034153691575,6.278,1.38566634440187,168424695289.912,148815553500.626,28.2,5683483.0
Denmark,2016,312181849372.233,54500.9260410217,0.250000000000031,5.989,2.27180150073838,167778866084.333,148938310649.103,28.2,5728010.0
Denmark,2017,331610593961.988,57521.5514992225,1.14713216957602,5.833,2.39559065565416,183533038706.585,162057186530.798,28.7,5764980.0
Denmark,2018,355293374912.393,61324.7665045565,0.813609467455631,5.131,1.35619600076421,202458132658.687,184150748807.726,28.2,5793636.0
Denmark,2019,345401473012.615,59404.2663247723,0.75813157251162,5.018,1.34779245796869,203616268094.231,182858534958.076,27.7,5814422.0
Denmark,2020,355631021931.621,60985.4885601514,0.420711974110115,5.637,-2.06613834682413,195728280394.404,175669403452.283,27.5,5831404.0
Denmark,2021,408378204639.999,69727.9873677012,1.8530454398968,5.043,6.91766397588252,240230209506.495,214760461802.144,28.3,5856733.0
Denmark,2022,401945576107.963,68091.3191138669,7.6965669988926,4.434,0.743682050788365,283566453489.183,245165423200.384,,5903037.0
Denmark,2023,407091920305.404,68453.8769281145,3.30517811237606,5.094,1.73831324527245,276658217282.024,243477297619.387,,5946952.0
Egypt,2015,329366576819.407,3306.98159414141,10.370490343517,13.052,2.20415858015615,43423180592.9919,71347708894.8787,31.8,99597342.0
Egypt,2016,332441717791.411,3270.6287768197,13.813606214829,12.45,2.24497375649698,34392638036.8098,66159509202.454,,101644589.0
Egypt,2017,248362771739.13,2395.10333299491,29.5066083940039,11.767,2.12015477172733,37289402173.913,69089673913.0435,31.5,103696057.0
Egypt,2018,262588632526.73,2484.70315630508,14.4014657807422,9.855,3.35166753247044,47225661226.7867,73331457512.6618,,105682094.0
Egypt,2019,318678815489.749,2962.98892023003,9.15279959324804,7.851,3.71584088573542,53041002277.9043,78012528473.8041,31.9,107553158.0
Egypt,2020,383817841547.099,3511.11381026379,5.04493288977539,7.974,1.88111975917718,47872738615.0967,75433562071.1167,,109315124.0
Egypt,2021,424671765455.704,3827.35415374308,5.21404940513043,7.441,1.76220484283698,44850223072.0204,81943913320.5864,,110957008.0
Egypt,2022,476747720364.742,4233.30783744856,13.8956609775178,7.344,5.01555864991792,71927051671.7325,104389057750.76,,112618250.0
Egypt,2023,396002496996.96,3457.45691570455,33.8847763115546,7.334,2.0216049044848,75644808538.0457,84508256649.1637,,114535772.0
Ethiopia,2015,64589328550.5953,621.845673808133,9.56889955968623,2.443,7.46807676647039,6047701382.62093,19565922931.7937,35.0,103867135.0
Ethiopia,2016,74296745207.8721,696.195884706786,6.62813337230924,2.554,6.50991456114514,5804121546.5048,20124738792.9724,,106718162.0
Ethiopia,2017,81770886825.6048,745.632449222154,10.6871150284238,2.662,6.6186206860755,6238602381.7425,19195112769.1069,,109666481.0
Ethiopia,2018,84269196625.8784,747.968143637014,13.8330356586661,2.802,3.97407547036637,7055586688.75777,19235875928.3992,,112664152.0
Ethiopia,2019,95912607722.3032,828.70897229725,15.8096321719344,2.917,5.48664144705995,7615438618.00348,20022068000.8819,,115737383.0
Ethiopia,2020,107657734392.446,905.313175805855,20.3563468559061,3.994,3.22311599092373,7672983060.57996,18171455003.6686,,118917671.0
Ethiopia,2021,111261882958.426,910.947840320752,26.8395221557722,3.935,2.85565765490767,8491174951.53881,18595574210.7915,,122138588.0
Ethiopia,2022,126772703047.701,1011.0732858233,33.8898797100898,3.409,2.59483118332766,10451093940.5472,23264741856.6496,,125384287.0
Ethiopia,2023,163697927593.982,1272.01628209211,30.2188278135278,3.402,3.76110898414161,10792608749.6624,22905283373.3089,,128691692.0
Finland,2015,233210733506.25,42560.3456767103,-0.207928839905268,9.376,0.136127446131411,83446464503.9062,84376236306.25,27.1,5479531.0
Finland,2016,238777818792.608,43451.2562442158,0.356684500891695,8.818,2.27754381365189,84368155260.7006,86888573648.6384,27.1,5495303.0
Finland,2017,253846138440.0,46085.0174739036,0.754015047084346,8.64,3.06123181789704,96883717056.4707,95883949215.2943,27.4,5508214.0
Finland,2018,273869255596.078,49654.2497035329,1.08382098409305,7.361,1.05884328934074,107217678990.588,109532349829.804,27.3,5515525.0
Finland,2019,267014821129.411,48358.1807773701,1.02409392963431,6.695,1.23812095605712,108456929458.823,106661292345.098,27.7,5521606.0
Finland,2020,270000311606.226,48828.6846862799,0.290554555653239,7.759,-2.63099870678219,97778840102.724,97119792947.8602,27.1,5529543.0
Finland,2021,294223210496.119,53099.1351400148,2.19457432340007,7.617,2.52197670805532,117459122934.107,117299452992.246,27.7,5541017.0
Finland,2022,280241515774.32,50438.4753952355,7.12350773301402,6.719,1.17453501098861,129179582536.965,134617525704.281,,5556106.0
Finland,2023,295532341254.907,52925.6897638424,6.25064322154763,7.151,-1.65611536097759,126533298590.198,125655308464.708,,5583911.0
France,2015,2442483452642.5,36702.4323733379,0.0375143805125182,10.354,0.708030577451083,774108364253.242,776983112152.851,32.7,66548272.0
France,2016,2470407619777.13,37024.2157133669,0.18333486112386,10.057,0.594243758963955,778134181664.243,786690099965.255,31.9,66724104.0
France,2017,2588868323334.71,38687.1626407164,1.03228275064662,9.409,1.7877954845162,836510836277.649,856501561408.354,31.6,66918020.0
France,2018,2781576320884.39,41418.1766484844,1.85081508315502,9.018,1.28216604237026,915638789626.901,942517078079.137,32.4,67158348.0
France,2019,2722793515171.76,40408.2848574751,1.10825492288294,8.415,1.68870845332556,895514790269.018,913209092423.528,31.2,67382061.0
France,2020,2647926055110.05,39169.8606000707,0.476498852725066,8.009,-7.74056754340876,756174143647.162,801836174373.076,30.7,67601110.0
France,2021,2966433692008.09,43725.0999521245,1.64233141038385,7.874,6.50155222975816,928139254791.07,964103785591.845,31.5,67842811.0
France,2022,2796302210398.84,41082.8119320747,5.22236748369735,7.308,2.23598928786784,1020752900059.15,1098568561003.12,,68065015.0
France,2023,3051831611384.76,44690.9345395117,4.87835726508441,7.335,0.607649186397026,1046168809647.27,1107189988383.75,,68287487.0
Germany,2015,3423568450957.03,41911.0109851054,0.514426137125456,4.612,0.776507656994639,1458592274325.0,1204648073431.64,31.7,81686611.0
Germany,2016,3537784107980.55,42961.0356905775,0.491747008445174,4.104,1.4722926294875,1472560807845.53,1215609853746.31,31.4,82348669.0
Germany,2017,3763092263752.95,45526.5999576533,1.50949485109628,3.781,2.33286593357245,1592765732735.3,1326138381464.71,31.3,82657002.0
Germany,2018,4052008447223.53,48874.8595028454,1.73216879766942,3.384,0.813017363676465,1726455112200.0,1483856351069.02,31.9,82905782.0
Germany,2019,3957208055215.68,47623.8656074829,1.44565976888253,3.163,0.76040219441613,1677314255411.76,1454172759796.08,31.8,83092962.0
Germany,2020,3940142541354.1,47379.765194548,0.144877925813982,3.881,-4.17345320848187,1543321676059.15,1332716704314.4,32.4,83160871.0
Germany,2021,4348297440387.53,52265.6541620571,3.06666666666673,3.594,3.6261286867131,1854878618151.13,1630569552864.31,,83196078.0
Germany,2022,4163596357879.39,49686.1154582583,6.87257438551097,3.12,0.641609123670904,1906115968542.81,1802154794791.84,,83797985.0
Germany,2023,4525703903627.53,54343.2265084958,5.94643667725823,3.068,0.353884463349871,1964261782880.43,1782980609876.5,,83280000.0
Ghana,2015,49406010054.2663,1721.69964380717,17.1499695007878,6.806,-0.208325820413904,16714895486.5637,21091211319.9603,,28696068.0
Ghana,2016,56164929304.8754,1913.18673253576,17.4546347070868,5.232,1.04704406736222,17519660715.5782,20603408036.7444,43.5,29356742.0
Ghana,2017,60405924078.7278,2012.97025750655,12.3719215507048,3.369,5.78094585817396,20463639259.8332,22151752716.2764,,30008354.0
Ghana,2018,67298914624.3723,2196.61290615342,7.80876516610703,3.253,4.01895338314475,22514781525.846,23220563122.5704,,30637585.0
Ghana,2019,68337969247.7067,2186.18924111824,7.14364003330857,3.16,4.39063133478864,25592296037.4457,26908214028.2637,,31258945.0
Ghana,2020,70043099675.68,2196.54789313621,9.88728956269944,3.313,-1.46830801654092,22081381694.6846,24550161230.7147,,31887809.0
Ghana,2021,79524421861.2743,2445.50081810782,9.9710886750444,3.384,3.03800270044563,23901159997.9331,25966879997.2441,,32518665.0
Ghana,2022,74263364041.8742,2240.27945094566,31.2558951049016,3.084,1.84292659762039,25742684855.6646,26327411331.6571,,33149152.0
Ghana,2023,76370396722.154,2260.28741289427,38.1069656296501,3.063,0.9986101276738,25994008043.9853,26729509225.0668,,33787914.0
India,2015,2103588360044.94,1583.99815907985,4.90697344127256,7.631,6.71566734640226,416787940847.812,465097595426.184,34.7,1328024498.0
India,2016,2294796885663.16,1707.50892912243,4.94821634062141,7.601,6.97394690929247,439642578076.358,480169055768.282,34.7,1343944296.0
India,2017,2651474262755.45,1950.10468280866,3.32817337461298,7.618,5.561185034605,498258808231.521,582018012521.568,35.9,1359657400.0
India,2018,2702929641648.74,1966.25455171679,3.9388264669163,7.652,5.29211971914722,538635186135.438,640300806738.542,34.5,1374659064.0
India,2019,2835606256558.19,2041.42863698585,3.72950573539129,6.51,2.79675759965889,529245063167.215,602315056052.526,33.8,1389030312.0
India,2020,2674851578587.27,1907.04251637669,6.62343677628535,7.859,-6.69047102833747,499728529072.629,510244747372.174,33.8,1402617695.0
India,2021,3167270623260.47,2239.61384367482,5.13140747176369,6.38,8.79093447676263,677769255428.552,760902891806.013,32.8,1414203896.0
India,2022,3353470496886.33,2352.61392452078,6.69903414079852,4.822,6.1449586075554,778021514754.531,897550749081.828,,1425423212.0
India,2023,3567551674623.01,2480.79208721621,5.64914318907925,4.172,7.20183939103345,779446235323.272,858839501091.307,,1438069596.0
Indonesia,2015,860854232717.718,3288.22269737572,6.36312113115612,4.514,3.70583428895539,182158298808.695,178863652312.439,38.2,261799249.0
Indonesia,2016,931877364034.196,3521.46943456251,3.5258051568793,4.301,3.91054275495577,177886012744.197,170835000829.6,36.9,264627418.0
Indonesia,2017,1015618744168.08,3798.88326177649,3.80879806953157,3.783,4.00109865179923,204924485910.841,194777319197.277,36.4,267346658.0
Indonesia,2018,1042271532953.49,3860.95353077708,3.1983464156241,4.387,4.15930013909383,218905647879.176,230045612377.312,36.3,269951846.0
Indonesia,2019,1119099871385.79,4106.94856173421,3.03058664969487,3.59,4.0413041818536,208057763665.869,213034646341.603,35.4,272489381.0
Indonesia,2020,1059054842711.55,3853.70288778903,1.9209680056685,4.255,-2.89423403981894,183546577019.641,165646843303.978,35.3,274814866.0
Indonesia,2021,1186509691070.97,4287.17313989405,1.56012990525673,3.827,2.97476192227879,254109508151.117,222923845053.027,35.5,276758053.0
Indonesia,2022,1319076267291.51,4730.74548910499,4.20946383402165,3.462,4.52469623632904,323223074349.606,276506804871.164,35.5,278830529.0
Indonesia,2023,1371171152331.16,4876.31432703188,3.67013142377007,3.308,4.16662016188742,298182855809.878,268325648223.764,36.1,281190067.0
Iran,2015,409191686496.677,4952.73355532178,12.4846815611533,11.166,-2.75798228082124,76604098444.8952,84709856958.4348,35.3,82619362.0
Iran,2016,459042684192.698,5477.03712389913,7.24542548952979,12.618,7.26636493161325,97141272420.2746,88256184172.7994,35.9,83812228.0
Iran,2017,489168731811.147,5753.11544659399,8.04492437660278,12.232,1.29069810896512,111215877944.701,107662038931.432,36.7,85026754.0
Iran,2018,398880231367.268,4631.78709016514,18.0141183371874,12.195,-3.08186701673711,124117088936.281,109487476420.219,37.4,86117998.0
Iran,2019,333519146339.191,3831.27894763337,39.9073455697784,10.74,-4.11017939543771,78323193638.1025,90952229016.5156,36.5,87051648.0
Iran,2020,262186179355.944,2988.78122414716,30.5941390387295,9.687,2.5389746580567,50928640259.5877,63935556703.0606,35.8,87723443.0
Iran,2021,383436202446.695,4334.79268631354,43.3890162681514,9.282,3.85313178994835,87573883806.4462,82571460358.1948,35.5,88455488.0
Iran,2022,394362621793.035,4405.09291519791,43.4884641742179,9.085,2.53772563042168,105751833274.587,97729447365.2066,34.8,89524246.0
Iran,2023,404625655204.619,4465.63766994952,44.5791857572797,9.041,3.78764834504966,97923913058.4719,113210465205.503,,90608707.0
Italy,2015,1845428048839.1,30387.1293187854,0.0387903996579733,11.896,0.982944211578541,537833599948.242,485192095144.804,35.4,60730582.0
Italy,2016,1887111188176.93,31126.3246947273,-0.09401665691575,11.688,1.40835149300574,543464412394.32,483730717980.818,35.2,60627498.0
Italy,2017,1970720904584.71,32554.14668453,1.22653316645812,11.211,1.75607853572014,593973032350.354,540827068435.177,35.9,60536709.0
Italy,2018,2099435266458.67,34746.3441392416,1.13748763600391,10.61,1.01846372174721,646909638534.745,597530269520.862,35.2,60421760.0
Italy,2019,2019606796583.53,33812.788724868,0.611246943765304,9.951,1.59384095751969,625065757185.881,560326098494.117,34.6,59729081.0
Italy,2020,1907481094079.23,32091.4866621366,-0.13770757391651,9.164,-8.42323992779932,547940256804.982,480945200912.997,35.2,59438851.0
Italy,2021,2179207773596.09,36852.5425414951,1.87378325762481,9.497,9.49416104245226,679294123497.663,634811260435.649,34.8,59133173.0
Italy,2022,2102995942720.44,35635.7442204098,8.20128991161718,8.069,4.87370861625361,738509433518.875,776766269322.766,,59013667.0
Italy,2023,2300941152991.81,39003.3160954123,5.62219442195901,7.627,0.732099290773135,776101317710.602,748044559365.503,,58993475.0
Japan,2015,4444930651964.18,34960.6393843385,0.795279630579839,3.385,1.66846511711745,775051882733.212,799671850411.581,,127141000.0
Japan,2016,5003677627544.24,39375.4731620781,-0.127258844489754,3.132,0.805362824616168,803489014102.661,763174802438.923,,127076000.0
Japan,2017,4930837369151.42,38834.0529341227,0.484199796126385,2.822,1.75861180161441,867405253150.188,829947425329.105,,126972000.0
Japan,2018,5040880939324.86,39751.1330982711,0.989094598021848,2.467,0.771168471432347,923234601723.625,922228472388.616,,126811000.0
Japan,2019,5117993853016.51,40415.9567649547,0.46877615938395,2.351,-0.262170828589063,893782209080.495,908591904960.75,,126633000.0
Japan,2020,5055587093501.59,40040.7655055923,-0.024995834027731,2.809,-3.86470966963243,785057625362.297,798645128766.751,,126261000.0
Japan,2021,5034620784584.98,40058.5373276179,-0.233352779398264,2.828,3.0321308280439,912549013982.719,938755726387.128,,125681593.0
Japan,2022,4256410760723.75,34017.2718075024,2.49770278172255,2.6,1.40382237505176,916904220798.187,1076957434698.96,,125124989.0
Japan,2023,4204494802431.55,33766.5268253808,3.26813365933163,2.6,2.17578291223812,917023213163.202,981837994996.069,,124516650.0
Kenya,2015,70120446896.8359,1489.11959777284,6.58215429284779,2.762,2.65589352795405,10608335822.9326,17669406544.8353,40.8,47088526.0
Kenya,2016,74815144163.8931,1554.12610314423,6.29724953814625,2.757,1.93794795580835,9912815673.9736,16171498982.4724,,48139687.0
Kenya,2017,82036510877.2599,1667.48447230835,8.00564967709945,3.541,1.60475183361922,10448711418.2037,19080378151.0309,,49197766.0
Kenya,2018,92202979985.2863,1836.45275528993,4.6898064677633,4.284,3.52404781491717,11564075006.3765,20167352977.161,,50207107.0
Kenya,2019,100378436207.371,1960.40808854893,5.23963795764792,5.014,3.07004769448449,11471243360.3894,20408407783.966,,51202827.0
Kenya,2020,100657505750.545,1927.66459027849,5.40516207933392,5.619,-2.2103217118529,9705264724.22278,17711641004.4154,36.2,52217334.0
Kenya,2021,109703658904.994,2061.35622089594,6.10793603659176,5.693,5.5651365159048,11814617095.3331,22000771321.9426,38.7,53219166.0
Kenya,2022,114448978152.637,2109.56288513137,7.65986268272224,5.707,2.86281276489714,13953584184.4928,24605579816.5831,,54252461.0
Kenya,2023,108038588970.595,1952.30457929636,7.67139634029402,5.567,3.48335845460592,12625503423.8139,22046326203.1859,,55339003.0
Malaysia,2015,301355266964.947,9648.6797937523,2.10438980238359,3.1,3.28578556272301,209287287856.543,186603344672.915,41.1,31232798.0
Malaysia,2016,301256033870.334,9476.53409809923,2.09056659525742,3.44,2.62004557566016,201165058574.724,181125866049.416,,31789685.0
Malaysia,2017,319109094160.343,9862.54806612235,3.87120115774237,3.41,3.96186564548185,223413837325.056,201496430249.828,,32355644.0
Malaysia,2018,358788845712.53,10901.8019954421,0.884709160571235,3.3,3.07401779071937,245967590635.246,221902484182.666,41.2,32910967.0
Malaysia,2019,365177721021.516,10920.191763972,0.662891865764326,3.26,2.75950122381441,238379861290.486,210893037728.698,,33440596.0
Malaysia,2020,337456163961.211,9957.52626697613,-1.1387021539305,4.54,-6.7093351308522,207798540352.974,186310380061.102,,33889558.0
Malaysia,2021,373784823672.946,10903.1116425938,2.47710241465447,4.64,2.13146199778431,264015642139.891,236990564273.121,40.7,34282399.0
Malaysia,2022,407605841348.235,11748.0919307944,3.37869862549928,3.93,7.56568334141943,313245857998.72,283918784805.433,,34695493.0
Malaysia,2023,399705169318.477,11379.0861000632,2.48886560125754,3.869,2.28543525044522,274125403421.16,253742459596.311,,35126298.0
Mexico,2015,1213294467716.88,10021.2386118827,2.72064064964023,4.311,1.60971010585429,414495031033.993,439821695268.006,,121072306.0
Mexico,2016,1112233497452.7,9097.92397674769,2.8217078474766,3.853,0.790955216102532,409476294705.042,432376614131.825,46.9,122251351.0
Mexico,2017,1190721475906.0,9649.27816772402,6.04145724018986,3.419,0.923425358691205,446688309687.408,469597181245.762,,123400057.0
Mexico,2018,1256300182879.73,10084.7937562021,4.89935015356551,3.275,1.01136622522375,490508969545.438,517202845542.861,46.0,124573711.0
Mexico,2019,1304106203694.81,10369.5553568761,3.63596142127046,3.477,-1.33462178518992,502467566320.434,507718819549.77,,125762982.0
Mexico,2020,1121064767261.88,8841.27075003163,3.39683415570006,4.44,-9.10287152203078,439853932827.966,421735413258.959,44.6,126799054.0
Mexico,2021,1316569466932.59,10314.0506741437,5.68920847683753,4.019,5.34306677677003,534121610565.454,559543398297.824,,127648148.0
Mexico,2022,1464312692331.58,11385.4070757929,7.8962761916855,3.256,2.91114396091503,625732060256.318,668531309337.792,43.5,128613117.0
Mexico,2023,1789114434843.46,13790.0243428344,5.52796087314389,2.765,2.30380690084846,643754339741.998,665121984319.025,,129739759.0
Morocco,2015,110413823841.592,3146.24780273438,1.5579071134626,9.46,3.10634719191513,33119569273.8522,41176430827.7419,,34607588.0
Morocco,2016,111572947004.917,3140.85546875,1.63531114327064,9.3,-0.693616602037565,34291493550.4303,45062154625.7161,,35023457.0
Morocco,2017,118540573367.844,3296.52661132813,0.754663249323619,9.223,3.78371209116371,38651885813.4308,49273637902.1126,,35446392.0
Morocco,2018,127341147581.818,3501.69799804688,1.80391671141896,9.271,1.91410663270995,43077520359.3568,55299739977.2557,,35839760.0
Morocco,2019,128920266409.458,3508.09765625,0.303386036590383,9.194,1.81642055572905,43952860516.0238,54024112942.437,,36210898.0
Morocco,2020,121353645057.144,3268.0302734375,0.705968661338261,11.223,-8.13866950405836,37369771251.448,46174693558.8201,,36584208.0
Morocco,2021,142022058447.231,3785.93627929688,1.40195883962006,10.576,7.0606299574828,47060549921.4328,60199361761.1157,,36954442.0
Morocco,2022,130951926351.241,3455.39624023438,6.65704202759067,9.494,0.496491363740688,58681916332.2068,73752886131.4127,,37329064.0
Morocco,2023,144417103249.646,3771.4462890625,6.09114152504141,9.044,2.33822924451532,61741317207.8401,73709510189.524,,37712505.0
Netherlands,2015,775743675302.734,45793.8135434697,0.600248147278776,6.872,1.66898775580411,651561445019.531,592155905829.687,28.2,16939923.0
Netherlands,2016,797163949289.885,46808.5291492503,0.316666666666743,6.007,1.88065318086923,644981374821.013,558461399908.951,28.2,17030314.0
Netherlands,2017,848233537845.884,49513.6817346384,1.38145871407206,4.837,2.17569082152127,722521486847.06,631649933011.766,28.5,17131296.0
Netherlands,2018,929733599796.862,53955.0770024266,1.7034979474447,3.832,1.66335745924515,809393154293.333,711271186937.254,28.1,17231624.0
Netherlands,2019,928903005576.469,53554.9007491475,2.63369910249601,3.379,1.6321429332089,792548771333.332,699981663066.666,29.2,17344874.0
Netherlands,2020,932560861701.17,53467.9277413737,1.27246037789161,3.82,-4.40052542748734,757626674438.913,662040850865.371,26.0,17441500.0
Netherlands,2021,1054472123449.6,60141.9880911492,2.67572008805385,4.209,5.72193529072887,911591180290.683,808831153930.22,25.7,17533044.0
Netherlands,2022,1046540797548.64,59123.318556487,10.0012078753473,3.526,4.01097884810504,1009321846482.49,917438087562.26,,17700982.0
Netherlands,2023,1154361305398.06,64572.0059558854,3.83839354342808,3.537,-0.911427833032306,1022037813307.86,893110585976.486,,17877117.0
New Zealand,2015,178104220784.881,38639.3501941427,0.292704628136101,5.415,1.64333157642101,49784689412.298,47973639707.8052,,4609400.0
New Zealand,2016,188898209220.167,40070.8956577431,0.646240284454524,5.147,1.44406499831086,50322131532.6917,48778127773.6204,,4714100.0
New Zealand,2017,206566916732.292,42913.186956185,1.85078767452536,4.736,1.25999864014925,56986304614.2734,54952779636.3293,,4813600.0
New Zealand,2018,211846555690.736,43228.6976473771,1.59829703801696,4.335,1.66207788960591,59071100322.3185,59137524433.3483,,4900600.0
New Zealand,2019,212846907683.439,42747.2099299966,1.61963190184048,4.109,0.74611018814295,58214279832.002,57711603392.9013,,4979200.0
New Zealand,2020,212697530897.56,41785.6922905898,1.71456170007245,4.595,-2.59630156645085,46216150491.4978,47332839765.0337,,5090200.0
New Zealand,2021,253644079784.977,49624.1816729553,3.94112060778728,3.776,4.11466940497311,56657235818.3619,66486065921.6297,,5111300.0
New Zealand,2022,246733522841.353,48216.5095836302,7.17222476016441,3.297,2.65634589792765,60190212509.6428,73260348088.8928,,5117200.0
New Zealand,2023,252175506110.168,48280.8114166238,5.73316283034957,3.729,-1.30909730372859,60709884756.3099,67959797760.629,,5223100.0
Nigeria,2015,493026682800.63,2585.73360671797,9.00943498007699,4.135,0.0819795778254502,,,35.9,190671878.0
Nigeria,2016,404649125252.16,2070.4127339595,15.6968126387972,4.499,-4.01892534268519,,,,195443700.0
Nigeria,2017,375745731053.427,1876.34027111773,16.5022662139641,4.828,-1.61585537268624,,,,200254579.0
Nigeria,2018,421739251509.08,2057.87944554011,12.0951065173432,5.067,-0.406836852099204,,,35.1,204938755.0
Nigeria,2019,474517490844.461,2265.15520863056,11.3964223378115,5.206,-0.0100047593981571,,,,209485641.0
Nigeria,2020,432198898467.795,2019.65706326224,13.2460234276597,5.742,-3.86420100251684,,,,213996181.0
Nigeria,2021,440833635873.827,2017.27486481527,16.9528457221608,5.45,1.49716084785834,,,,218529286.0
Nigeria,2022,477403400101.174,2139.37478476974,18.8471877843274,3.821,1.11326739395624,,,,223150896.0
Nigeria,2023,363846332834.618,1596.63696129001,24.6595502031139,3.074,0.724295703712912,,,,227882945.0
Norway,2015,388159512245.53,74809.9658049898,2.17113665389527,4.296,0.848799124216399,149733264441.459,123654686369.743,27.5,5188607.0
Norway,2016,370956547619.048,70867.3609970749,3.54999999999998,4.68,0.277407784487878,133315000000.0,123078452380.952,28.5,5234519.0
Norway,2017,401745275035.261,76131.8384032764,1.87510059552554,4.164,1.63950714511496,147570139028.813,130071126334.878,27.0,5276968.0
Norway,2018,439788625883.8,82792.8427113304,2.76483134528788,3.801,0.165530155189344,168091730710.114,139774362127.267,27.6,5311916.0
Norway,2019,408742840909.091,76430.5889473338,2.16773003305402,3.684,0.443429279720704,149767159090.909,140014431818.182,27.7,5347896.0
Norway,2020,367633418886.627,68340.0181033702,1.28658490708005,4.424,-1.85769610859076,118415966014.692,121847101513.408,,5379475.0
Norway,2021,503367986030.268,93072.8925119571,3.48388055266678,4.359,3.35449507409562,216630966239.814,141881373690.338,,5408320.0
Norway,2022,593726965415.619,108798.451165901,5.76412317852272,3.231,2.08438190143963,329281372973.91,161167894599.983,,5457127.0
Norway,2023,485310823603.662,87925.0944188399,5.51784987104659,3.572,-0.657512864771078,229059324708.111,157568065635.848,,5519594.0
Pakistan,2015,299963590534.773,1380.47020838317,2.52932817254229,3.566,2.76648640710329,29920081362.9557,50134755423.6137,31.3,217290883.0
Pakistan,2016,313630000130.435,1424.69161195897,3.7651191635658,2.285,5.19506859858923,27400966312.4699,50070597552.0911,,220138869.0
Pakistan,2017,339205534861.1,1519.23459514248,4.08537368032608,3.215,2.96623678403046,27888164549.8215,58514392790.3311,,223273967.0
Pakistan,2018,356128166704.921,1569.33814626355,5.07805725868917,4.083,4.44201942237108,30562205969.0642,67821962097.0564,29.6,226928892.0
Pakistan,2019,320909472770.669,1390.41690981745,10.5783618004555,4.83,0.778096107046181,30136170157.4551,62624560741.8707,,230800899.0
Pakistan,2020,300425609817.981,1278.39735206896,9.73999313898155,6.127,-3.03889328268374,27935252708.2782,52327295782.6459,,235001746.0
Pakistan,2021,348516647445.148,1455.31922370186,9.49621056124947,6.338,4.52304565172781,31546334469.8965,62659184536.9986,,239477801.0
Pakistan,2022,374890295666.694,1538.3228133171,19.8738599646655,5.485,2.96250287218002,39515651442.13,84315687274.375,,243700667.0
Pakistan,2023,337912301397.727,1365.27743222493,30.7681280657005,5.408,-1.57595478935832,35412994958.6861,61230974980.0171,,247504495.0
Peru,2015,189802976285.619,6231.71150338894,3.39809194746308,3.272,2.09361990664132,40403976964.2314,45316302180.6981,43.4,30457600.0
Peru,2016,191898104390.379,6217.03599995447,3.55717663556279,3.741,2.57623039728159,43369573655.2395,43730752205.441,43.6,30866494.0
Peru,2017,211007984080.911,6736.16693725487,2.99490045809443,3.691,1.01943141648242,52160903521.1907,48096481262.9275,43.3,31324637.0
Peru,2018,222597009739.235,6978.49121548627,1.50915423024742,3.492,2.1018453903506,56077049768.4083,52175148626.1042,42.4,31897584.0
Peru,2019,228346006003.648,7037.00803692604,2.25212191358027,3.379,0.502286291227506,54892296037.3345,52301323565.5929,41.5,32449303.0
Peru,2020,201409694755.934,6133.32552410183,2.00241205759292,7.179,-11.989123385761,46347277393.2378,42768390081.5493,43.7,32838579.0
Peru,2021,226354278280.885,6826.9720069846,4.27166381536798,5.097,12.2704158286165,65971765887.0357,59143874817.8739,40.1,33155882.0
Peru,2022,246488757636.211,7363.27206939639,8.33370630096231,3.85,1.7448842204999,71246181079.8499,69871278565.4706,40.3,33475438.0
Peru,2023,267603248655.253,7906.58502858,6.45561348369586,4.899,-1.63789283805724,72490014226.0885,63745483898.023,,33845617.0
Philippines,2015,306445871246.718,2909.85818014474,0.674192536845408,3.068,4.78725055611426,83377968054.3017,97858999139.3944,44.6,105312992.0
Philippines,2016,318627003012.52,2985.19564020101,1.25369880080982,2.695,5.72121486171824,84987391167.9967,111847835761.901,,106735719.0
Philippines,2017,328480736798.792,3038.12124955619,2.85318772590947,2.552,5.56223020604317,97073582741.5119,126846380455.649,,108119693.0
Philippines,2018,346841896583.515,3168.51036606257,5.30934661627707,2.338,5.03429067060601,104793441904.255,145499457397.948,42.3,109465287.0
Philippines,2019,376823402244.928,3400.78949772302,2.39206534422404,2.237,4.83577546554135,106953484846.44,152458687320.163,,110804683.0
Philippines,2020,361751145451.597,3227.57910235199,2.3931623931624,2.522,-10.5488615067566,91171559890.9852,119257490806.482,,112081264.0
Philippines,2021,394087359848.11,3484.38593882819,3.92718022100332,3.398,4.76163916493006,101485514507.701,148699308216.869,40.7,113100950.0
Philippines,2022,404353369604.631,3548.06930572116,5.82115811213955,2.598,6.76595410569132,114785414693.615,178086451580.466,,113964338.0
Philippines,2023,437146372729.942,3804.8725797521,5.97802515541409,2.222,4.69438183281208,116515646840.198,178106234773.266,,114891199.0
Poland,2015,480054118583.367,12637.5220324406,-0.87412587412577,7.475,4.50138467634895,226401379493.302,216474598753.15,31.8,37986412.0
Poland,2016,473259583969.643,12464.0110508476,-0.664767331433961,6.141,3.07547528252388,236186957608.087,222240211020.322,31.2,37970087.0
Poland,2017,528356676667.211,13913.3402919927,2.0759355367385,4.867,5.13933542172569,273120920799.728,258225701184.144,29.7,37974826.0
Poland,2018,594616687350.017,15658.2120316794,1.81295156542679,3.835,6.24607110540019,310583609822.563,298556365160.625,30.2,37974750.0
Poland,2019,602683770144.88,15874.5220531254,2.227478809383,3.267,4.60600727341085,317089370014.651,295123034348.038,28.8,37965475.0
Poland,2020,605914237903.742,15987.5753654045,3.37446972618589,3.155,-1.86392007240133,317704377851.373,283720588327.144,28.5,37899070.0
Poland,2021,689170230665.35,18635.5104895754,5.05502704719272,3.268,9.58004178661109,393088751264.328,371023800786.561,28.5,36981559.0
Poland,2022,695607470875.276,18891.2121169279,14.4294507575758,2.811,5.7122759744731,433728761282.735,422016820864.164,,36821749.0
Poland,2023,809200697797.088,22056.6661704127,11.5289127961105,2.743,0.505669211124399,470255649825.785,423642296404.539,,36687353.0
Qatar,2015,161739955576.923,68985.2946961507,1.8140772393776,0.17,-3.86137428276561,92291208791.2088,59271428571.4286,,2344557.0
Qatar,2016,151732181868.132,61253.6375482797,2.6765917009819,0.15,-2.4510094889969,72397252747.2527,63475274725.2747,,2477113.0
Qatar,2017,161099122225.275,63279.8556949332,0.394878914083005,0.14,-4.15600320402655,85204395604.3956,62192582417.5824,35.1,2545820.0
Qatar,2018,183334953818.681,71039.8490579352,0.255815382724408,0.11,-0.134704952518092,102560989010.989,65810989010.989,,2580734.0
Qatar,2019,176371267689.082,66841.3013472693,-0.666641124861147,0.1,-1.52203683745736,92046153846.1538,66769780219.7802,,2638657.0
Qatar,2020,144411363345.27,51683.5054353851,-2.5403150300476,0.14,-8.92450818476308,70933241758.2418,59064560439.5604,,2794148.0
Qatar,2021,179732009554.846,71751.8831234838,2.30446565742003,0.14,13.3615381479092,105549450549.451,61204395604.3956,,2504910.0
Qatar,2022,235709325708.341,88701.463350036,4.99527553740761,0.13,-1.79097889450918,161692857142.857,74520054945.0549,,2657333.0
Qatar,2023,213002809330.267,80195.874646942,3.02764899198902,0.13,1.23672426011099,,,,2656032.0
Russia,2015,1363482182197.71,9277.7138671875,15.5344050528403,5.615,-2.2762114110788,391365600741.085,281640332372.515,36.5,144640716.0
Russia,2016,1276786350881.14,8663.158203125,7.04244762954799,5.591,-0.0904862004782103,330106509740.16,263830495058.506,36.7,145015460.0
Russia,2017,1574199360089.0,10658.9130859375,3.68332944412233,5.238,1.61387325924203,410722481424.915,327207464722.169,35.5,145293260.0
Russia,2018,1657328773461.31,11211.8876953125,2.87829723647884,4.871,2.71659271660542,510345505266.608,344519598182.381,35.3,145398106.0
Russia,2019,1693115002708.32,11447.701171875,4.47036660760173,4.513,2.14202624717367,481410680627.341,352088733268.664,35.7,145453291.0
Russia,2020,1493075894362.14,10108.3271484375,3.38165937237898,5.62,-2.52680431743222,381065599584.428,305255226176.837,33.7,145245148.0
Russia,2021,1843392293734.38,12521.5224609375,6.69445891957612,4.749,5.96554013311996,548800273711.107,376517053315.285,35.1,144746762.0
Russia,2022,2266029240645.34,15445.2421875,,3.867,-1.73318663190568,635070991226.071,345183909186.928,,144236933.0
Russia,2023,2021421476035.42,13817.0458984375,,3.076,3.89361804941169,466604779915.476,378926011232.614,,143826130.0
Saudi Arabia,2015,669484266666.667,22453.571552265,1.20607322150109,5.6,-0.773491431905967,218010400000.0,247307200000.0,,29816382.0
Saudi Arabia,2016,666000000000.0,21515.6600083775,2.06884036053473,5.6,-1.86058268144498,200860000000.0,198110133333.333,,30954198.0
Saudi Arabia,2017,714994666666.667,23081.2045336558,-0.838194579675018,5.89,0.83561299770318,239993333333.333,201975733333.333,,30977355.0
Saudi Arabia,2018,846583733333.333,28036.0264674095,2.45814158007532,6.029,5.86863606476054,314916533333.333,209589333333.333,,30196281.0
Saudi Arabia,2019,838564800000.0,27892.8421521179,-2.09333333333329,5.636,1.54324065179922,285860000000.0,218940800000.0,,30063799.0
Saudi Arabia,2020,734271200000.0,23271.4037647084,3.44545825956692,7.66,-8.13075233111495,182848000000.0,182183733333.333,,31552510.0
Saudi Arabia,2021,874156000000.0,28396.0864182336,3.06328988941547,6.621,7.69692769433404,286501600000.0,213015733333.333,,30784383.0
Saudi Arabia,2022,1108571466666.67,34454.1957708412,2.4740737192537,5.589,2.83967898892131,445881600000.0,258212800000.0,,32175224.0
Saudi Arabia,2023,1067582933333.33,32093.9622984711,2.32708518362692,4.008,-4.00418422046917,370976533333.333,292280800000.0,,33264292.0
Singapore,2015,307998545269.398,55645.6068614606,-0.522618167075298,3.79,1.76232468638902,549421999163.53,465345116651.21,,5535002.0
Singapore,2016,319053943915.005,56899.9181805173,-0.532268739716253,4.08,2.25332840052626,525530384076.969,441913262388.657,,5607283.0
Singapore,2017,343257164581.712,61162.0973932771,0.576260310166349,4.2,4.42037360424483,589858681680.757,498376016076.181,,5612253.0
Singapore,2018,376892697588.005,66840.6373389791,0.43862011844684,3.613,3.0320299723957,671737757276.241,559658729487.961,,5638676.0
Singapore,2019,376901649222.451,66081.7199235165,0.565260568780326,3.1,0.191993897241005,664477941704.7,553179836939.709,,5703569.0
Singapore,2020,349488382610.662,61466.803676358,-0.181916666666634,4.1,-3.56949598146913,634513916369.872,524705923281.309,,5685807.0
Singapore,2021,434111559282.849,79601.4129622433,2.30485959040484,4.64,14.3619661171204,794469896530.138,637164817120.872,,5453566.0
Singapore,2022,498474540987.78,88428.7024226232,6.12106004039418,3.591,0.458682804705319,925951516936.287,733875838037.757,,5637022.0
Singapore,2023,501427500080.059,84734.2559206054,4.82146729476466,3.444,-3.71813638952344,873988860316.049,686655763807.124,,5917648.0
South Africa,2015,346709790458.563,6112.27382485974,4.51869094892506,25.149,-0.694265293924985,96085897668.3633,100591042327.088,,56723537.0
South Africa,2016,323585509674.481,5651.20585165749,6.60290842394872,26.536,-0.277781475736276,91109021408.9525,89649913398.7817,,57259551.0
South Africa,2017,381448814653.456,6618.33508255701,5.18618655524149,27.035,0.49869596172698,104288394992.827,99923782384.0035,,57635162.0
South Africa,2018,405260723892.517,6914.1780318076,4.50987264867388,26.906,-0.1374850396532,111434691806.498,109373822794.536,,58613001.0
South Africa,2019,389330032224.269,6533.71121032856,4.10285075461156,28.468,-1.3803610544763,105906059178.622,103935027605.427,,59587885.0
South Africa,2020,337974655408.055,5580.60383075189,3.23238831615113,29.217,-7.67873309598839,93199600859.2205,78355182004.1248,,60562381.0
South Africa,2021,420886877628.703,6843.39941886204,4.61874544887136,34.007,3.35053090110557,130910965845.524,104931791612.213,,61502603.0
South Africa,2022,406920004594.074,6523.41097815853,7.03987272546482,33.268,0.480619707090057,135795104058.468,127819891197.359,,62378410.0
South Africa,2023,380699271814.508,6022.5425418935,6.0752438457966,32.098,-0.630050658120766,124696245269.168,123443903852.979,,63212384.0
South Korea,2015,1466038936206.43,28737.4391706499,0.70633177245575,3.546,2.26842940068582,630243710500.662,529869468434.793,,51014947.0
South Korea,2016,1499679823909.61,29280.4403170048,0.971685739912168,3.65,2.5391447288435,601861268514.151,501960211670.296,35.2,51217803.0
South Korea,2017,1623074183501.9,31600.7358741365,1.94433230786366,3.653,2.87019696151147,664392545080.428,587337161918.895,34.9,51361911.0
South Korea,2018,1725373496825.43,33447.1562836166,1.47583935002645,3.824,2.46224621613314,719710064860.371,643142886151.538,33.7,51585058.0
South Korea,2019,1651422932447.77,31902.4169048194,0.383000303608136,3.746,1.8889146004307,648610576582.722,602460189255.229,33.2,51764822.0
South Korea,2020,1644312831906.17,31721.2989141857,0.537288023411737,3.931,-0.846212237799236,597865413028.15,537270248786.333,32.7,51836239.0
South Korea,2021,1818432106880.04,35125.5224984723,2.49833333333339,3.639,4.43912129317819,761508986786.767,696863687514.079,32.9,51769539.0
South Korea,2022,1673916511799.71,32394.6833725203,5.08951365062842,2.857,2.80523762871836,808029031833.027,807909863148.844,,51672569.0
South Korea,2023,1712792854202.37,33121.3712885508,3.5974562502901,2.675,1.2782352431086,753554689669.038,752669851512.163,,51712619.0
Spain,2015,1206164777553.12,25969.8383138327,-0.500365709903242,22.057,4.14163766960375,401637009328.906,365267176774.219,36.2,46444832.0
Spain,2016,1243015667917.12,26740.6851818829,-0.202598000426452,19.635,2.82830127836169,417367780824.515,368077385209.729,35.8,46484062.0
Spain,2017,1321754088818.83,28367.9392609439,1.95607633363963,17.224,2.65494329776269,461297400643.53,413273524150.589,34.7,46593236.0
Spain,2018,1431642809327.06,30592.1264795541,1.6749813686379,15.255,1.94791740493265,499282766700.392,460052638839.215,34.7,46797754.0
Spain,2019,1403496387686.27,29776.2011500384,0.699518994458739,14.104,1.23200702842887,486670273121.568,444777298015.686,34.3,47134837.0
Spain,2020,1289783836971.21,27230.3599933583,-0.322753017299739,15.532,-11.3740694030146,393139331915.954,373587218922.958,34.9,47365655.0
Spain,2021,1461244901852.69,30817.6828559001,3.0931351197642,14.781,6.57033396471437,493273673720.922,478813490689.915,33.9,47415794.0
Spain,2022,1446498147749.03,30287.3657583614,8.39057634118627,12.917,5.41600552197859,575057224700.391,562289009963.037,,47759127.0
Spain,2023,1620090734956.89,33509.0127982139,3.53236133492433,12.179,1.42527469236005,616594516072.56,552976995107.853,,48347910.0
Sweden,2015,501698263620.663,51197.9529341175,-0.0467847449832812,7.432,3.31186785391841,219284872891.792,202930207436.24,29.2,9799186.0
Sweden,2016,514218206628.325,51820.3972482676,0.984269244577992,6.99,1.07180853468192,220653333190.583,207504289792.387,29.6,9923085.0
Sweden,2017,536083940228.684,53300.8587281785,1.79449904665589,6.718,0.462320331608908,235309948216.298,225300076530.665,28.8,10057698.0
Sweden,2018,551312498430.164,54181.9069780904,1.95353530127028,6.365,0.726062678868416,253002514998.051,243893762279.478,30.0,10175214.0
Sweden,2019,532169294165.94,51773.0464558993,1.78415097403835,6.833,1.51533065050118,256724927068.404,235643869847.267,29.3,10278887.0
Sweden,2020,545147614972.141,52653.7565934247,0.497367318853572,8.291,-2.71099578243886,241282023561.051,218445221956.354,28.9,10353442.0
Sweden,2021,637186904843.636,61174.9680215622,2.16319736447153,8.722,5.30316368411722,301387150076.682,273852355814.846,29.8,10415811.0
Sweden,2022,579895717343.956,55296.9371472535,8.36929098869189,7.392,0.771118411875221,312449425397.421,301399274779.953,,10486941.0
Sweden,2023,584960475767.32,55516.836477474,8.54862489748902,7.611,-0.780807367826782,322732040003.224,299467172193.893,,10536632.0
Switzerland,2015,694118186379.628,83806.4476003837,-1.14390867228183,4.801,0.494129822392765,443048390064.017,370031118266.24,32.3,8282396.0
Switzerland,2016,687895460902.713,82153.0745447889,-0.434618664285835,4.918,0.960131673178253,459636103721.801,390368282229.566,33.0,8373338.0
Switzerland,2017,695200833086.499,82254.3769269767,0.533787839825897,4.797,0.421326163056477,461255257229.42,398164579098.364,32.7,8451840.0
Switzerland,2018,725568717468.001,85217.3691512274,0.936335464113563,4.713,2.10552472012415,489600609479.659,413213693521.722,33.1,8514329.0
Switzerland,2019,721369112726.724,84121.9310304414,0.362886179940614,4.394,0.423089768227314,483067666222.233,412350588412.87,34.0,8575280.0
Switzerland,2020,741999406005.627,85897.7843338323,-0.725874933313384,4.817,-2.85415832226442,475588653393.81,428062579952.246,33.7,8638167.0
Switzerland,2021,813408787222.499,93446.4344518943,0.581814168489856,5.013,4.5881921178937,579859246134.697,479655828162.117,,8704546.0
Switzerland,2022,818426550206.45,93245.7952120851,2.83502798644463,4.122,1.72060833518621,629661502933.761,517523299636.324,,8777088.0
Switzerland,2023,884940402230.409,99564.710026145,2.13540088016377,4.043,-0.541794294858562,666597864194.371,556539459537.669,,8888093.0
Thailand,2015,401296238228.084,5688.85335397884,-0.900424963291569,0.597,2.65971785318402,271423493717.844,229553374316.892,36.0,70540795.0
Thailand,2016,413366349747.508,5833.57715617098,0.188149704448234,0.688,2.96944155296718,277248464807.286,221168950937.551,36.9,70859841.0
Thailand,2017,456356813536.764,6413.09182530343,0.665631893135106,0.83,3.73797800283087,304266013738.262,247430252336.997,36.4,71160187.0
Thailand,2018,506754208404.485,7099.77650081458,1.06389754183015,0.765,3.90762624173355,328569784686.743,283801450351.972,36.4,71376079.0
Thailand,2019,543976691793.886,7605.69657797759,0.706728601314311,0.716,1.90583495758329,323768892197.357,272916501194.971,34.9,71522271.0
Thailand,2020,500461898480.246,6985.64393892574,-0.845937147357041,1.099,-6.20637326420599,257709985018.377,231745471360.936,35.0,71641484.0
Thailand,2021,506256494297.34,7058.0694998852,1.23039541318384,1.215,1.44661826857285,296424506130.06,296627151192.261,34.9,71727332.0
Thailand,2022,495645210972.751,6909.35997481451,6.07741228434321,0.94,2.4513468687893,323968095968.786,334528199102.147,,71735329.0
Thailand,2023,514968699239.005,7182.02525812415,1.22802623546169,0.733,1.93399875154758,337035150288.966,327976179889.144,,71702435.0
Turkey,2015,864313810469.009,11049.9951100942,7.67085364845877,10.304,4.6785959933809,212027217924.647,229538119984.162,,78218479.0
Turkey,2016,869682881593.041,10970.0458948862,7.7751341532833,10.899,1.94225845985372,200753327384.372,219548635276.238,,79277962.0
Turkey,2017,858988492853.742,10695.550196231,11.1443110840765,10.919,6.11695888825578,223675641540.481,255314971383.993,43.5,80312698.0
Turkey,2018,778972108040.602,9568.83506330228,16.3324638988928,10.956,1.62817585290497,243293992258.257,244453305856.842,42.4,81407204.0
Turkey,2019,761005915750.925,9215.44049888114,15.1768215720022,13.73,-0.612629741080809,251696740784.294,229207956545.671,43.8,82579440.0
Turkey,2020,720338490327.248,8638.73903848102,12.2789574462574,13.148,0.876219397794188,209768260359.943,232114423840.408,43.0,83384680.0
Turkey,2021,819865223976.115,9743.21277804855,19.5964926913324,11.969,10.4294060712136,293050134140.709,289730104250.561,44.4,84147318.0
Turkey,2022,907118434653.505,10674.504157865,72.3088359891207,10.465,4.49945877235265,350004410847.635,386304799043.559,,84979913.0
Turkey,2023,1118252964260.77,13105.6585678319,53.8594087593315,9.388,4.6848743835486,356899778676.606,384240318096.721,,85325965.0
United Arab Emirates,2015,370275469560.166,43534.9972681733,4.06996608361593,1.793,1.1896069228373,358529611980.939,268999319264.806,,8505237.0
United Arab Emirates,2016,369255326235.771,41326.4018161834,1.61748808904198,1.64,0.483038730344958,360626276378.489,270714771953.71,,8935095.0
United Arab Emirates,2017,390516804016.501,42340.5917145576,1.96682557818842,2.462,-2.41185607163841,382137508509.19,285336963921.035,,9223225.0
United Arab Emirates,2018,427049432149.345,45689.8570040215,3.06863379251997,2.236,-0.0245088230725941,400217835262.083,281535738597.685,26.4,9346701.0
United Arab Emirates,2019,417989721734.494,44251.4541390148,-1.93108114782173,2.331,0.0477460220081696,404863172226.004,306004084411.164,,9445785.0
United Arab Emirates,2020,349473015336.939,37173.8754100281,-2.07940317940944,4.294,-4.50466762810275,350277358747.447,297228174693.051,,9401038.0
United Arab Emirates,2021,415178792769.884,43360.0211014806,0.179935336174431,3.105,2.45717457525512,425155888359.428,347528931245.745,,9575152.0
United Arab Emirates,2022,502731935197.487,49899.0652978649,5.29122604376849,2.872,2.17608343497355,521897345132.743,427991831177.672,,10074977.0
United Arab Emirates,2023,514130432653.081,49040.6947525825,1.62670837213248,2.151,-0.421510858601309,558401542999.774,481851599727.706,,10483751.0
United Kingdom,2015,2927911140916.73,44964.3911437292,0.36804684232536,5.517,1.41610805149031,815304691846.949,859564412420.216,33.3,65116219.0
United Kingdom,2016,2689106566899.61,40985.2351382417,1.0084173681141,4.867,1.15219111156168,777214710110.264,828192624115.954,33.1,65611593.0
United Kingdom,2017,2680148052335.3,40572.1214823783,2.55775577557747,4.452,1.96144650104486,827907141571.723,863846532337.868,32.6,66058859.0
United Kingdom,2018,2871340347581.79,43203.8141057739,2.29283990345938,4.12,0.792604468854293,906772479283.289,946466621329.184,33.7,66460344.0
United Kingdom,2019,2851407164907.81,42662.5353740311,1.73810460086513,3.613,1.0527939082916,902036391533.849,941829862195.151,32.8,66836327.0
United Kingdom,2020,2696778386607.65,40201.6812422928,0.989486703772491,4.472,-10.6244160168382,800128639354.783,785068374771.382,32.6,67081234.0
United Kingdom,2021,3143323050707.26,46896.8662432834,2.51837109614213,4.826,8.66495150024396,917230303664.112,924270940181.382,32.4,67026292.0
United Kingdom,2022,3114042471144.39,45935.9276473925,7.92204883147902,3.73,3.65646079988994,1045296692285.1,1099672270617.25,,67791000.0
United Kingdom,2023,3380854520809.54,49463.8554617343,6.79396706793963,3.984,-0.480663557904705,1070469051019.27,1089182875638.53,,68350000.0
United States,2015,18295019000000.0,57040.2082136605,0.118627135552451,5.28,2.19043056582386,2270622000000.0,2794942000000.0,41.2,320738994.0
United States,2016,18804913000000.0,58206.6141931844,1.26158320570536,4.869,1.08425738313417,2235558000000.0,2738830000000.0,41.1,323071755.0
United States,2017,19612102000000.0,60322.2614241747,2.13011000365961,4.355,1.8114763650572,2388260000000.0,2931589000000.0,41.2,325122128.0
United States,2018,20656516000000.0,63201.0458483771,2.44258329692817,3.896,2.42587721764475,2538089000000.0,3131166000000.0,41.4,326838199.0
United States,2019,21539982000000.0,65604.6815198734,1.81221007526021,3.669,2.11773982573379,2539391000000.0,3116681000000.0,41.5,328329953.0
United States,2020,21354105000000.0,64411.3731779373,1.23358439630629,8.055,-3.10649046252769,2151139000000.0,2777341000000.0,39.7,331526933.0
United States,2021,23681171000000.0,71318.3073592183,4.69785886363742,5.349,5.88831426529379,2555430000000.0,3415459000000.0,39.7,332048977.0
United States,2022,26006893000000.0,78035.1753604212,8.00279982052121,3.65,2.13636162986278,3017379000000.0,3976314000000.0,41.3,333271411.0
United States,2023,27720709000000.0,82769.4122114216,4.11633838374488,3.638,2.38266938077211,3052469000000.0,3849811000000.0,,334914895.0
Vietnam,2015,239258328381.741,2577.56885340113,0.631200905175754,1.848,5.66896478541561,174473996313.378,172245363653.847,,92823254.0
Vietnam,2016,257096001177.982,2735.0604380416,2.66824816969082,1.848,5.35427097241221,190526869544.715,183315160786.748,35.3,94000117.0
Vietnam,2017,281353605986.903,2956.10992127753,3.52025688811617,1.874,5.61787865063133,230041803530.193,222881466764.772,,95176977.0
Vietnam,2018,310106478394.659,3222.31003125366,3.53962805942641,1.161,6.28095828201967,261802606599.094,248830928922.632,35.7,96237319.0
Vietnam,2019,334365270496.667,3440.90025375434,2.7958236745225,1.681,6.32464886581907,284737397482.99,265976296626.188,,97173776.0
Vietnam,2020,346615738537.796,3534.03953482647,3.22093436652514,2.103,1.91581434772165,292479899128.742,273355953899.643,36.8,98079191.0
Vietnam,2021,366474752771.009,3704.1935590038,1.83471554810444,2.385,1.66651604176819,343937314545.795,340182482326.143,,98935098.0
Vietnam,2022,410324028883.325,4116.38576094153,3.15650749963129,1.523,7.31480947796427,384931694296.977,369200955399.323,36.1,99680655.0
Vietnam,2023,429716969043.572,4282.08851724506,3.25289282667662,1.645,4.34348081998421,374613210401.71,340107543990.226,,100352192.0
